14,"DS/HD IBM Formatted Diskettes, 200/Pack - Staples",Carlos Daly,868,114.46,47.98,3.61,Nunavut,Computer Peripherals,0.71
25,"Maxell 3.5"" DS/HD IBM-Formatted Diskettes, 10/Pack",Carl Ludwig,1539,-144.55,4.89,4.93,Nunavut,Computer Peripherals,0.66
31,"Imation 3.5"" DS/HD IBM Formatted Diskettes, 10/Pack",Don Miller,2277,-46.03,5.98,4.38,Nunavut,Computer Peripherals,0.75
35,Fuji 5.2GB DVD-RAM,Jack Garza,2631,252.66,40.96,1.99,Nunavut,Computer Peripherals,0.55
51,"Memorex 4.7GB DVD-RAM, 3/Pack",Clay Rozendal,5316,514.07,31.78,1.99,Nunavut,Computer Peripherals,0.42
69,"80 Minute CD-R Spindle, 100/Pack - Staples",Dorothy Wardle,6982,407.44,39.48,1.99,Nunavut,Computer Peripherals,0.54
92,Microsoft Natural Multimedia Keyboard,Grant Carroll,9927,-82.16,50.98,6.5,Northwest Territories,Computer Peripherals,0.73
133,"Fellowes Basic 104-Key Keyboard, Platinum",Ralph Knight,14726,-21.48,20.95,4,Northwest Territories,Computer Peripherals,0.6
146,"Memorex Slim 80 Minute CD-R, 10/Pack",Monica Federle,15937,74.07,9.78,1.99,Northwest Territories,Computer Peripherals,0.43
148,"Memorex 80 Minute CD-R Spindle, 100/Pack",Michelle Lonsdale,16039,-118.82,43.98,1.99,Northwest Territories,Computer Peripherals,0.44
165,Microsoft Internet Keyboard,Muhammed MacIntyre,17409,-158.87,20.97,6.5,Northwest Territories,Computer Peripherals,0.78
173,Fellowes 17-key keypad for PS/2 interface,Ann Chong,18308,-92.58,30.73,4,Northwest Territories,Computer Peripherals,0.75
179,Verbatim DVD-R 4.7GB authoring disc,Alan Barnes,19655,304.42,39.24,1.99,Northwest Territories,Computer Peripherals,0.51
203,"IBM 80 Minute CD-R Spindle, 50/Pack",Joy Bell,24007,135.65,20.89,1.99,Northwest Territories,Computer Peripherals,0.48
207,TDK 4.7GB DVD+RW,Anthony Johnson,24097,-35.34,14.48,1.99,Northwest Territories,Computer Peripherals,0.49
208,U.S. Robotics 56K Internet Call Modem,Anthony Johnson,24097,399.93,99.99,19.99,Northwest Territories,Computer Peripherals,0.5
221,"Fellowes Basic 104-Key Keyboard, Platinum",Mike Pelletier,25634,28.99,20.95,4,Northwest Territories,Computer Peripherals,0.6
224,"80 Minute CD-R Spindle, 100/Pack - Staples",Ann Chong,25767,-59.20,39.48,1.99,Northwest Territories,Computer Peripherals,0.54
228,"80 Minute Slim Jewel Case CD-R , 10/Pack - Staples",Annie Cyprus,26051,22.46,8.33,1.99,Northwest Territories,Computer Peripherals,0.52
237,"Imation 3.5 IBM Diskettes, 10/Box",Sylvia Foulston,26567,-100.51,8.46,8.99,Northwest Territories,Computer Peripherals,0.79
241,Micro Innovations 104 Keyboard,Barry French,27109,-154.66,10.97,6.5,Northwest Territories,Computer Peripherals,0.64
242,US Robotics 56K V.92 External Faxmodem,Heather Kirkland,27111,-127.56,99.99,19.99,Northwest Territories,Computer Peripherals,0.52
265,"Imation 3.5, DISKETTE 44766 HGHLD3.52HD/FM, 10/Pack",Claudia Miner,28871,-56.12,5.02,5.14,Northwest Territories,Computer Peripherals,0.79
283,"Fellowes Internet Keyboard, Platinum",Michelle Lonsdale,31270,-112.44,30.42,8.65,Northwest Territories,Computer Peripherals,0.74
291,"Verbatim DVD-RAM, 9.4GB, Rewritable, Type 1, DS, DataLife Plus",Cari Schnelling,31558,455.37,45.19,1.99,Northwest Territories,Computer Peripherals,0.55
310,Imation 5.2GB DVD-RAM,Carl Ludwig,33703,-131.48,60.98,1.99,Northwest Territories,Computer Peripherals,0.5
319,"Imation 3.5"", DISKETTE 44766 HGHLD3.52HD/FM, 10/Pack",Doug Bickford,33894,-173.15,4.98,4.62,Northwest Territories,Computer Peripherals,0.64
320,PC Concepts 116 Key Quantum 3000 Keyboard,Doug Bickford,33894,-119.02,32.98,5.5,Northwest Territories,Computer Peripherals,0.75
334,"Imation 3.5"" DS/HD IBM Formatted Diskettes, 50/Pack",Eugene Barchas,35847,-144.27,15.98,8.99,Northwest Territories,Computer Peripherals,0.64
339,U.S. Robotics 56K Internet Call Modem,Dorothy Wardle,36644,218.72,99.99,19.99,Northwest Territories,Computer Peripherals,0.5
342,"Micro Innovations Micro 3000 Keyboard, Black",Muhammed MacIntyre,37253,-99.55,26.31,5.89,Northwest Territories,Computer Peripherals,0.75
343,"Fellowes Basic 104-Key Keyboard, Platinum",Claudia Miner,37541,-70.68,20.95,5.99,Northwest Territories,Computer Peripherals,0.65
358,"Imation 3.5"", DISKETTE 44766 HGHLD3.52HD/FM, 10/Pack",Cindy Schnelling,39846,-62.73,4.98,4.62,Northwest Territories,Computer Peripherals,0.64
371,Fellowes 17-key keypad for PS/2 interface,Alan Barnes,41153,-45.10,30.73,4,Northwest Territories,Computer Peripherals,0.75
382,Microsoft Internet Keyboard,Dorothy Wardle,43109,-145.78,20.97,6.5,Northwest Territories,Computer Peripherals,0.78
383,TDK 4.7GB DVD-R,Dorothy Wardle,43109,-3.96,10.01,1.99,Northwest Territories,Computer Peripherals,0.41
406,Verbatim DVD-R 4.7GB authoring disc,Neola Schneider,45957,162.83,39.24,1.99,Northwest Territories,Computer Peripherals,0.51
461,"Memorex 80 Minute CD-R, 30/Pack",Fred Wasserman,54628,115.54,22.98,1.99,Northwest Territories,Computer Peripherals,0.46
464,"Fellowes Smart Design 104-Key Enhanced Keyboard, PS/2 Adapter, Platinum",Doug Bickford,55366,-204.65,55.94,6.55,Northwest Territories,Computer Peripherals,0.68
486,"Verbatim DVD-RAM, 9.4GB, Rewritable, Type 1, DS, DataLife Plus",Henry Goldwyn,58626,171.59,45.19,1.99,Prince Edward Island,Computer Peripherals,0.55
489,"Memorex 4.7GB DVD+RW, 3/Pack",Beth Thompson,59047,19.20,28.48,1.99,Prince Edward Island,Computer Peripherals,0.4
504,Logitech Access Keyboard,Guy Armstrong,1187,20.21,15.98,4,Prince Edward Island,Computer Peripherals,0.37
513,"Verbatim DVD-RAM, 5.2GB, Rewritable, Type 1, DS",Helen Abelman,8131,191.29,29.89,1.99,Prince Edward Island,Computer Peripherals,0.5
514,Keytronic Designer 104- Key Black Keyboard,Christopher Schild,8994,-580.32,40.48,19.99,Prince Edward Island,Computer Peripherals,0.77
542,"Micro Innovations Micro Digital Wireless Keyboard and Mouse, Gray",Erica Bern,13604,1166.40,83.1,6.13,Prince Edward Island,Computer Peripherals,0.45
545,Zoom V.92 V.44 PCI Internal Controllerless FaxModem,Erica Bern,15044,167.37,39.99,10.25,Prince Edward Island,Computer Peripherals,0.55
558,"Memorex 4.7GB DVD+RW, 3/Pack",Joy Smith,17376,425.08,28.48,1.99,Prince Edward Island,Computer Peripherals,0.4
561,Zoom V.92 USB External Faxmodem,Jack Lebron,18273,-3.68,49.99,19.99,Prince Edward Island,Computer Peripherals,0.41
573,U.S. Robotics 56K Internet Call Modem,Jack Lebron,21378,26.94,99.99,19.99,Prince Edward Island,Computer Peripherals,0.5
594,"80 Minute CD-R Spindle, 100/Pack - Staples",Carlos Soltero,26240,439.77,39.48,1.99,Prince Edward Island,Computer Peripherals,0.54
618,"Verbatim DVD-RAM, 9.4GB, Rewritable, Type 1, DS, DataLife Plus",Joy Smith,32676,523.43,45.19,1.99,Prince Edward Island,Computer Peripherals,0.55
620,"Imation Neon Mac Format Diskettes, 10/Pack",Christopher Schild,32869,-82.83,8.12,2.83,Prince Edward Island,Computer Peripherals,0.77
635,Logitech Cordless Elite Duo,Carlos Soltero,36293,250.47,100.98,7.18,Prince Edward Island,Computer Peripherals,0.4
637,Logitech Cordless Elite Duo,Giulietta Baptist,36516,51.30,100.98,7.18,Prince Edward Island,Computer Peripherals,0.4
648,Keytronic Designer 104- Key Black Keyboard,Jennifer Braxton,40835,-326.97,40.48,19.99,Prince Edward Island,Computer Peripherals,0.77
656,Belkin 105-Key Black Keyboard,Giulietta Baptist,42400,11.55,19.98,4,Prince Edward Island,Computer Peripherals,0.68
657,Micro Innovations 104 Keyboard,Giulietta Baptist,42400,-168.95,10.97,6.5,Prince Edward Island,Computer Peripherals,0.64
664,"Verbatim DVD-RAM, 5.2GB, Rewritable, Type 1, DS",Erica Bern,44387,475.26,29.89,1.99,Prince Edward Island,Computer Peripherals,0.5
691,PC Concepts 116 Key Quantum 3000 Keyboard,Chuck Magee,50784,-130.88,32.98,5.5,Manitoba,Computer Peripherals,0.75
707,Logitech Cordless Navigator Duo,Joy Smith,53508,149.64,80.98,7.18,Manitoba,Computer Peripherals,0.48
739,"Micro Innovations Micro Digital Wireless Keyboard and Mouse, Gray",Giulietta Baptist,59425,717.12,83.1,6.13,British Columbia,Computer Peripherals,0.45
747,"Memorex 4.7GB DVD+RW, 3/Pack",Matt Collins,1028,-28.46,28.48,1.99,British Columbia,Computer Peripherals,0.4
752,"80 Minute CD-R Spindle, 100/Pack - Staples",Rob Haberlin,2465,271.87,39.48,1.99,British Columbia,Computer Peripherals,0.54
755,"Imation Printable White 80 Minute CD-R Spindle, 50/Pack",Christina Vanderzanden,3362,734.75,40.98,1.99,British Columbia,Computer Peripherals,0.44
764,"80 Minute CD-R Spindle, 100/Pack - Staples",Lena Cacioppo,7136,88.72,39.48,1.99,British Columbia,Computer Peripherals,0.54
768,"Imation Primaris 3.5"" 2HD Unformatted Diskettes, 10/Pack",Christina Vanderzanden,8227,-43.21,4.77,2.39,British Columbia,Computer Peripherals,0.72
771,"Imation 3.5"" DS-HD Macintosh Formatted Diskettes, 10/Pack",Kimberly Carter,9860,-73.66,7.28,3.52,British Columbia,Computer Peripherals,0.68
775,"Imation IBM Formatted Diskettes, 100/Pack",Kimberly Carter,10369,-95.54,28.48,8.99,British Columbia,Computer Peripherals,0.7
790,"Verbatim DVD-RAM, 5.2GB, Rewritable, Type 1, DS",Rob Haberlin,15329,319.52,29.89,1.99,British Columbia,Computer Peripherals,0.5
811,"Fellowes Basic 104-Key Keyboard, Platinum",Justin Knight,24132,-1.88,20.95,4,British Columbia,Computer Peripherals,0.6
817,"80 Minute Slim Jewel Case CD-R , 10/Pack - Staples",Christina Vanderzanden,25248,29.21,8.33,1.99,British Columbia,Computer Peripherals,0.52
823,Belkin MediaBoard 104- Keyboard,Julie Creighton,28068,-43.96,27.48,4,British Columbia,Computer Peripherals,0.75
844,Micro Innovations 104 Keyboard,Julie Creighton,38336,-116.45,10.97,6.5,British Columbia,Computer Peripherals,0.64
871,"Memorex 4.7GB DVD+R, 3/Pack",Anthony Johnson,50816,-12.46,15.28,1.99,British Columbia,Computer Peripherals,0.42
894,"Micro Innovations Micro 3000 Keyboard, Black",Sally Knutson,57959,-65.33,26.31,5.89,British Columbia,Computer Peripherals,0.75
901,"Memorex 4.7GB DVD-RAM, 3/Pack",Emily Grady,1282,366.48,31.78,1.99,British Columbia,Computer Peripherals,0.42
911,Logitech Internet Navigator Keyboard,Emily Grady,8390,-99.34,30.98,4,British Columbia,Computer Peripherals,0.8
916,Keytronic 105-Key Spanish Keyboard,Sonia Sunley,10048,97.16,73.98,4,British Columbia,Computer Peripherals,0.77
921,Motorola SB4200 Cable Modem,Sonia Sunley,10432,220.39,179.99,19.99,British Columbia,Computer Peripherals,0.48
941,Keytronic French Keyboard,Sonia Sunley,22629,-243.02,73.98,14.52,British Columbia,Computer Peripherals,0.65
942,TDK 4.7GB DVD-R,Kelly Williams,23011,-33.93,10.01,1.99,British Columbia,Computer Peripherals,0.41
954,Verbatim DVD-R 4.7GB authoring disc,Alex Avila,28582,423.87,39.24,1.99,British Columbia,Computer Peripherals,0.51
962,Microsoft Internet Keyboard,Jim Karlsson,32871,9.72,20.97,4,British Columbia,Computer Peripherals,0.77
974,Fellowes 17-key keypad for PS/2 interface,Barbara Fisher,35812,-147.81,30.73,4,British Columbia,Computer Peripherals,0.75
982,Adesso Programmable 142-Key Keyboard,Kelly Williams,39301,-521.09,152.48,4,British Columbia,Computer Peripherals,0.79
985,"Imation 3.5"" DS-HD Macintosh Formatted Diskettes, 10/Pack",Roy Skaria,39655,-72.43,7.28,3.52,British Columbia,Computer Peripherals,0.68
992,"Belkin 107-key enhanced keyboard, USB/PS/2 interface",Alex Avila,44231,-87.96,17.98,4,British Columbia,Computer Peripherals,0.79
998,Maxell DVD-RAM Discs,Barbara Fisher,48484,67.96,16.48,1.99,British Columbia,Computer Peripherals,0.42
1007,"Fellowes Basic 104-Key Keyboard, Platinum",Sarah Foster,50310,34.03,20.95,4,British Columbia,Computer Peripherals,0.6
1009,Zoom V.92 USB External Faxmodem,Roy Skaria,51648,332.97,49.99,19.99,British Columbia,Computer Peripherals,0.41
1015,"Memorex 4.7GB DVD+RW, 3/Pack",Seth Vernon,54081,-83.18,28.48,1.99,British Columbia,Computer Peripherals,0.4
1016,"Memorex 4.7GB DVD+RW, 3/Pack",Barbara Fisher,54560,167.58,28.48,1.99,British Columbia,Computer Peripherals,0.4
1018,"Imation 3.5"", DISKETTE 44766 HGHLD3.52HD/FM, 10/Pack",Peter Buhler,54947,-98.35,4.98,4.62,British Columbia,Computer Peripherals,0.64
1028,Hewlett-Packard 4.7GB DVD+R Discs,Daniel Lacy,59905,8.30,8.5,1.99,British Columbia,Computer Peripherals,0.49
1053,"Imation 3.5"" DS-HD Macintosh Formatted Diskettes, 10/Pack",Shahid Shariari,4642,-39.74,7.28,3.52,British Columbia,Computer Peripherals,0.68
1066,"Imation 3.5"" Diskettes, IBM Format, DS/HD, 10/Box, Neon",Ricardo Emerson,6374,51.18,31.11,3.6,British Columbia,Computer Peripherals,0.64
1075,"Fellowes Basic 104-Key Keyboard, Platinum",Trudy Schmidt,8515,99.31,20.95,4,British Columbia,Computer Peripherals,0.6
1081,Adesso Programmable 142-Key Keyboard,Vicky Freymann,9409,-390.77,152.48,4,British Columbia,Computer Peripherals,0.79
1087,Microsoft Natural Keyboard Elite,Tony Chapman,11301,107.45,39.98,4,British Columbia,Computer Peripherals,0.7
1091,Keytronic Designer 104- Key Black Keyboard,Mark Cousins,11745,-345.36,40.48,19.99,British Columbia,Computer Peripherals,0.77
1102,"80 Minute CD-R Spindle, 100/Pack - Staples",Kristina Nunn,13986,675.65,39.48,1.99,British Columbia,Computer Peripherals,0.54
1113,"Fellowes Mobile Numeric Keypad, Graphite",Vicky Freymann,16806,-132.15,43.22,4,British Columbia,Computer Peripherals,0.64
1119,Belkin MediaBoard 104- Keyboard,Mark Cousins,17702,-66.78,27.48,4,British Columbia,Computer Peripherals,0.75
1122,Imation 5.2GB DVD-RAM,Liz Price,18179,1207.91,60.98,1.99,British Columbia,Computer Peripherals,0.5
1129,"Verbatim DVD-RAM, 5.2GB, Rewritable, Type 1, DS",Giulietta Weimer,19936,301.31,29.89,1.99,British Columbia,Computer Peripherals,0.5
1140,Micro Innovations 104 Keyboard,Giulietta Weimer,20960,-104.82,10.97,6.5,British Columbia,Computer Peripherals,0.64
1144,"Verbatim DVD-RAM, 9.4GB, Rewritable, Type 1, DS, DataLife Plus",Thomas Brumley,21671,87.51,45.19,1.99,British Columbia,Computer Peripherals,0.55
1145,Hayes Optima 56K V.90 Internal Voice Modem,Ralph Kennedy,22657,3392.88,256.99,11.25,British Columbia,Computer Peripherals,0.51
1169,"Verbatim DVD-RAM, 5.2GB, Rewritable, Type 1, DS",Ralph Kennedy,26372,-74.64,29.89,1.99,British Columbia,Computer Peripherals,0.5
1170,Microsoft Multimedia Keyboard,Giulietta Weimer,26756,-29.56,30.97,4,British Columbia,Computer Peripherals,0.74
1173,BASF Silver 74 Minute CD-R,Heather Jas,26851,-58.87,1.7,1.99,British Columbia,Computer Peripherals,0.51
1208,Nu-Form 106-Key Ergonomic Keyboard w/ Touchpad,Neil Knudson,32611,68.90,53.98,5.5,British Columbia,Computer Peripherals,0.62
1233,"Memorex 4.7GB DVD-RAM, 3/Pack",Shahid Hopkins,40134,674.46,31.78,1.99,British Columbia,Computer Peripherals,0.42
1250,Imation DVD-RAM discs,Patrick O'Brill,42947,-50.67,35.41,1.99,British Columbia,Computer Peripherals,0.43
1251,Fellowes 17-key keypad for PS/2 interface,Giulietta Weimer,43079,-20.79,30.73,4,British Columbia,Computer Peripherals,0.75
1260,Verbatim DVD-R 4.7GB authoring disc,Trudy Schmidt,45317,486.90,39.24,1.99,Nova Scotia,Computer Peripherals,0.51
1264,"80 Minute Slim Jewel Case CD-R , 10/Pack - Staples",Sarah Bern,46849,9.82,8.33,1.99,Nova Scotia,Computer Peripherals,0.52
1276,U.S. Robotics 56K Internet Call Modem,Giulietta Weimer,48452,51.44,99.99,19.99,Nova Scotia,Computer Peripherals,0.5
1280,"Imation Neon Mac Format Diskettes, 10/Pack",Kristina Nunn,49088,-47.69,8.12,2.83,Nova Scotia,Computer Peripherals,0.77
1285,"Memorex 4.7GB DVD+RW, 3/Pack",Sally Knutson,49634,-67.22,28.48,1.99,Nova Scotia,Computer Peripherals,0.4
1293,Belkin 105-Key Black Keyboard,Patrick O'Brill,51525,-36.24,19.98,4,Nova Scotia,Computer Peripherals,0.68
1303,"Maxell 3.5"" DS/HD IBM-Formatted Diskettes, 10/Pack",Patrick O'Brill,55268,-47.83,4.89,4.93,Nova Scotia,Computer Peripherals,0.66
1307,"Fellowes Mobile Numeric Keypad, Graphite",Justin Hirsh,56610,51.85,43.22,4,Nova Scotia,Computer Peripherals,0.64
1315,"DS/HD IBM Formatted Diskettes, 200/Pack - Staples",Paul MacIntyre,57700,134.85,47.98,3.61,Nova Scotia,Computer Peripherals,0.71
1335,Logitech Access Keyboard,Steve Carroll,3393,-5.57,15.98,4,Nova Scotia,Computer Peripherals,0.37
1347,"Imation Printable White 80 Minute CD-R Spindle, 50/Pack",Matt Abelman,7015,775.88,40.98,1.99,Nova Scotia,Computer Peripherals,0.44
1350,Gyration RF Keyboard,Shaun Weien,7106,1669.38,159.99,5.5,Nova Scotia,Computer Peripherals,0.49
1366,"Imation 3.5"" DS/HD IBM Formatted Diskettes, 50/Pack",Sally Matthias,10593,-147.51,15.98,8.99,Nova Scotia,Computer Peripherals,0.64
1374,Logitech Cordless Navigator Duo,Michael Granlund,12389,670.96,80.98,7.18,Nova Scotia,Computer Peripherals,0.48
1387,"Micro Innovations Micro Digital Wireless Keyboard and Mouse, Gray",Brad Norvell,16967,-152.47,83.1,6.13,Nova Scotia,Computer Peripherals,0.45
1409,Verbatim DVD-R 4.7GB authoring disc,Sarah Jordon,22368,-74.85,39.24,1.99,Nova Scotia,Computer Peripherals,0.51
1417,"Imation Printable White 80 Minute CD-R Spindle, 50/Pack",Sean Wendt,24039,-64.87,40.98,1.99,Nova Scotia,Computer Peripherals,0.44
1425,"Verbatim DVD-R, 4.7GB, Spindle, WE, Blank, Ink Jet/Thermal, 20/Spindle",Art Ferguson,27266,39.36,115.79,1.99,Nova Scotia,Computer Peripherals,0.49
1429,BASF Silver 74 Minute CD-R,Sally Matthias,29409,-33.52,1.7,1.99,British Columbia,Computer Peripherals,0.51
1454,"Memorex 80 Minute CD-R Spindle, 100/Pack",Nathan Cano,34822,323.73,43.98,1.99,British Columbia,Computer Peripherals,0.44
1456,US Robotics 56K V.92 External Faxmodem,Michael Granlund,35522,231.46,99.99,19.99,British Columbia,Computer Peripherals,0.52
1462,US Robotics 56K V.92 External Faxmodem,Chad Sievert,38625,336.47,99.99,19.99,British Columbia,Computer Peripherals,0.52
1470,"DS/HD IBM Formatted Diskettes, 10/Pack - Staples",Theone Pippenger,40259,-20.90,4.98,4.32,British Columbia,Computer Peripherals,0.64
1480,"Maxell Pro 80 Minute CD-R, 10/Pack",Sean Wendt,44450,35.33,17.48,1.99,British Columbia,Computer Peripherals,0.45
1512,"Fellowes Basic 104-Key Keyboard, Platinum",Charles Sheldon,48931,120.05,20.95,4,Manitoba,Computer Peripherals,0.6
1513,Logitech Internet Navigator Keyboard,Charles Sheldon,48931,-117.39,30.98,6.5,Manitoba,Computer Peripherals,0.79
1534,Gyration Ultra Cordless Optical Suite,Mike Kennedy,51777,206.86,100.97,7.18,Manitoba,Computer Peripherals,0.46
1540,"Imation 3.5"" Unformatted DS/HD Diskettes, 10/Box",Ken Heidel,52868,-100.49,7.37,5.53,Manitoba,Computer Peripherals,0.69
1550,"IBM Active Response Keyboard, Black",Shaun Weien,55462,-26.49,39.98,7.12,Manitoba,Computer Peripherals,0.67
1564,Microsoft Internet Keyboard,Robert Waldorf,2823,-135.98,20.97,6.5,Manitoba,Computer Peripherals,0.78
1586,"Micro Innovations Micro 3000 Keyboard, Black",Ken Lonsdale,12292,-127.23,26.31,5.89,Manitoba,Computer Peripherals,0.75
1588,"Fellowes Basic 104-Key Keyboard, Platinum",Maria Bertelson,15109,-68.76,20.95,5.99,Manitoba,Computer Peripherals,0.65
1599,Fellowes 17-key keypad for PS/2 interface,Hallie Redmond,16165,-125.16,30.73,4,Manitoba,Computer Peripherals,0.75
1605,"Verbatim DVD-R, 3.95GB, SR, Mitsubishi Branded, Jewel",Christine Sundaresam,20102,71.04,22.24,1.99,Manitoba,Computer Peripherals,0.43
1614,Gyration Ultra Cordless Optical Suite,Bruce Stewart,24386,1653.96,100.97,7.18,Manitoba,Computer Peripherals,0.46
1615,Targus USB Numeric Keypad,Bruce Stewart,24386,-102.74,40.98,6.5,Manitoba,Computer Peripherals,0.74
1620,"Maxell 3.5"" DS/HD IBM-Formatted Diskettes, 10/Pack",Ivan Gibson,25638,-108.55,4.89,4.93,Manitoba,Computer Peripherals,0.66
1622,Micro Innovations Media Access Pro Keyboard,Ken Lonsdale,26016,-358.43,77.51,4,Manitoba,Computer Peripherals,0.76
1630,"Fellowes Internet Keyboard, Platinum",Maria Bertelson,28290,-154.24,30.42,8.65,Ontario,Computer Peripherals,0.74
1636,"Imation 3.5"" Unformatted DS/HD Diskettes, 10/Box",Joseph Airdo,32198,-117.92,7.37,5.53,Ontario,Computer Peripherals,0.69
1664,"Memorex Slim 80 Minute CD-R, 10/Pack",Janet Molinari,41664,-15.30,9.78,1.99,Ontario,Computer Peripherals,0.43
1669,"Sony MFD2HD Formatted Diskettes, 10/Pack",Robert Waldorf,45218,-82.64,6.48,2.74,Ontario,Computer Peripherals,0.71
1696,"Imation 3.5"" DS/HD IBM Formatted Diskettes, 10/Pack",Ivan Gibson,51940,-55.94,5.98,4.38,Ontario,Computer Peripherals,0.75
1699,Fellowes EZ Multi-Media Keyboard,Bill Eplett,53152,-159.68,34.98,7.53,Ontario,Computer Peripherals,0.76
1717,BASF Silver 74 Minute CD-R,Christine Sundaresam,59459,-51.42,1.7,1.99,Ontario,Computer Peripherals,0.51
1737,"3.5"" IBM Formatted Diskettes, DS/HD",Bill Donatelli,12452,-56.78,6.6,4.07,Ontario,Computer Peripherals,0.66
1739,"Imation Primaris 3.5"" 2HD Unformatted Diskettes, 10/Pack",Bill Donatelli,13345,-42.05,4.77,2.39,Ontario,Computer Peripherals,0.72
1741,"Imation Neon Mac Format Diskettes, 10/Pack",Bobby Odegard,13410,-35.17,8.12,2.83,Ontario,Computer Peripherals,0.77
1745,Belkin 105-Key Black Keyboard,Bill Donatelli,15808,11.65,19.98,4,Ontario,Computer Peripherals,0.68
1747,"80 Minute CD-R Spindle, 100/Pack - Staples",Bill Donatelli,16326,471.35,39.48,1.99,Ontario,Computer Peripherals,0.54
1763,Logitech Cordless Access Keyboard,Bill Donatelli,35104,-74.45,29.99,5.5,Ontario,Computer Peripherals,0.51
1803,"Imation 3.5, DISKETTE 44766 HGHLD3.52HD/FM, 10/Pack",Sandra Glassco,2020,-188.77,5.02,5.14,Ontario,Computer Peripherals,0.79
1813,Belkin 105-Key Black Keyboard,Shirley Schmidt,20003,30.29,19.98,4,Ontario,Computer Peripherals,0.68
1824,BASF Silver 74 Minute CD-R,Rick Wilson,39943,-23.86,1.7,1.99,Ontario,Computer Peripherals,0.51
1847,"Imation 3.5"" Unformatted DS/HD Diskettes, 10/Box",Anna Gayman,5572,-133.70,7.37,5.53,Ontario,Computer Peripherals,0.69
1872,"80 Minute Slim Jewel Case CD-R , 10/Pack - Staples",Becky Castell,17858,21.07,8.33,1.99,Ontario,Computer Peripherals,0.52
1873,Logitech Internet Navigator Keyboard,Becky Castell,17858,-109.91,30.98,6.5,Ontario,Computer Peripherals,0.79
1881,"DS/HD IBM Formatted Diskettes, 200/Pack - Staples",Ritsa Hightower,23489,230.30,47.98,3.61,Ontario,Computer Peripherals,0.71
1882,"Imation Neon Mac Format Diskettes, 10/Pack",Pete Armstrong,24486,-31.62,8.12,2.83,Ontario,Computer Peripherals,0.77
1885,"Imation 3.5"", RTS 247544 3M 3.5 DSDD, 10/Pack",Joni Blumstein,25697,-37.50,8.46,3.62,Ontario,Computer Peripherals,0.61
1907,Adesso Programmable 142-Key Keyboard,Corinna Mitchell,41702,99.88,152.48,4,Ontario,Computer Peripherals,0.79
1934,"IBM Active Response Keyboard, Black",Pauline Chand,58051,-106.76,39.98,7.12,Ontario,Computer Peripherals,0.67
1935,Fuji Slim Jewel Case CD-R,Pauline Chand,59392,-29.02,2.12,1.99,Ontario,Computer Peripherals,0.55
1936,"Memorex 4.7GB DVD+RW, 3/Pack",Pauline Chand,59392,589.20,28.48,1.99,Ontario,Computer Peripherals,0.4
1959,"DS/HD IBM Formatted Diskettes, 10/Pack - Staples",Paul Prost,42597,-32.78,4.98,4.32,Ontario,Computer Peripherals,0.64
1965,"Verbatim DVD-R, 4.7GB, Spindle, WE, Blank, Ink Jet/Thermal, 20/Spindle",Tamara Dahlen,65,1470.30,115.79,1.99,Ontario,Computer Peripherals,0.49
1976,"Imation 3.5"", RTS 247544 3M 3.5 DSDD, 10/Pack",Anthony Witt,1057,-52.48,8.46,3.62,Ontario,Computer Peripherals,0.61
1978,"Imation Printable White 80 Minute CD-R Spindle, 50/Pack",Ed Ludwig,1701,902.62,40.98,1.99,Ontario,Computer Peripherals,0.44
2012,"80 Minute CD-R Spindle, 100/Pack - Staples",Erin Ashbrook,6918,515.83,39.48,1.99,Ontario,Computer Peripherals,0.54
2021,US Robotics 56K V.92 External Faxmodem,Christine Phan,8960,524.09,99.99,19.99,Ontario,Computer Peripherals,0.52
2033,"Memorex Slim 80 Minute CD-R, 10/Pack",Edward Becker,10247,44.14,9.78,1.99,Ontario,Computer Peripherals,0.43
2036,"DS/HD IBM Formatted Diskettes, 200/Pack - Staples",Darren Powers,10624,23.97,47.98,3.61,Ontario,Computer Peripherals,0.71
2039,"3.5"" IBM Formatted Diskettes, DS/HD",Darren Budd,11491,-80.11,6.6,4.07,Ontario,Computer Peripherals,0.66
2065,"Memorex 80 Minute CD-R Spindle, 100/Pack",Jim Mitchum,13440,326.39,43.98,1.99,Ontario,Computer Peripherals,0.44
2066,US Robotics 56K V.92 External Faxmodem,Erin Ashbrook,13479,-322.95,99.99,19.99,Ontario,Computer Peripherals,0.52
2072,"Verbatim DVD-RAM, 5.2GB, Rewritable, Type 1, DS",Frank Hawley,13892,531.47,29.89,1.99,Ontario,Computer Peripherals,0.5
2118,"Maxell Pro 80 Minute CD-R, 10/Pack",Erin Creighton,17668,296.06,17.48,1.99,Ontario,Computer Peripherals,0.45
2130,U.S. Robotics 56K Internet Call Modem,Anna Haberlin,18182,1049.45,99.99,19.99,Ontario,Computer Peripherals,0.5
2134,Keytronic French Keyboard,George Ashbrook,18405,-263.09,73.98,14.52,Ontario,Computer Peripherals,0.65
2152,Microsoft Internet Keyboard,James Lanier,20134,-94.59,20.97,6.5,Ontario,Computer Peripherals,0.78
2160,Keytronic 105-Key Spanish Keyboard,Arthur Wiediger,20614,326.25,73.98,12.14,Ontario,Computer Peripherals,0.67
2163,Logitech Access Keyboard,George Ashbrook,21025,-49.38,15.98,6.5,Ontario,Computer Peripherals,0.48
2172,Adesso Programmable 142-Key Keyboard,Edward Nazzal,22272,14.85,152.48,4,Ontario,Computer Peripherals,0.79
2173,Imation DVD-RAM discs,Edward Nazzal,22272,342.41,35.41,1.99,Ontario,Computer Peripherals,0.43
2184,Adesso Programmable 142-Key Keyboard,Erin Ashbrook,23008,-522.78,152.48,6.5,Ontario,Computer Peripherals,0.74
2187,"Memorex 80 Minute CD-R, 30/Pack",Erin Ashbrook,23426,352.64,22.98,1.99,Ontario,Computer Peripherals,0.46
2197,"Fellowes Smart Design 104-Key Enhanced Keyboard, PS/2 Adapter, Platinum",David Smith,24197,246.54,55.94,6.55,Ontario,Computer Peripherals,0.68
2205,Fellowes EZ Multi-Media Keyboard,Cynthia Arntzen,24960,-17.08,34.98,7.53,Ontario,Computer Peripherals,0.76
2230,"80 Minute CD-R Spindle, 100/Pack - Staples",Darren Budd,27589,221.60,39.48,1.99,Ontario,Computer Peripherals,0.54
2237,"3.5"" IBM Formatted Diskettes, DS/HD",Dan Lawera,28033,-57.11,6.6,4.07,Ontario,Computer Peripherals,0.66
2266,"Sony MFD2HD Formatted Diskettes, 10/Pack",Joni Sundaresam,31523,-44.86,6.48,2.74,Ontario,Computer Peripherals,0.71
2268,"Verbatim DVD-R, 3.95GB, SR, Mitsubishi Branded, Jewel",Alan Hwang,31552,70.48,22.24,1.99,Ontario,Computer Peripherals,0.43
2269,"Verbatim DVD-RAM, 5.2GB, Rewritable, Type 1, DS",Alan Hwang,31552,175.82,29.89,1.99,Ontario,Computer Peripherals,0.5
2274,"IBM Active Response Keyboard, Black",Magdelene Morse,32135,160.68,39.98,7.12,Ontario,Computer Peripherals,0.67
2279,"Memorex 4.7GB DVD+RW, 3/Pack",Darren Budd,32642,724.14,28.48,1.99,Ontario,Computer Peripherals,0.4
2289,"Imation 3.5"" Unformatted DS/HD Diskettes, 10/Box",Duane Huffman,34244,-89.56,7.37,5.53,Ontario,Computer Peripherals,0.69
2290,"Memorex 4.7GB DVD-RAM, 3/Pack",Duane Huffman,34244,-62.77,31.78,1.99,Ontario,Computer Peripherals,0.42
2298,"Verbatim DVD-RAM, 5.2GB, Rewritable, Type 1, DS",Mike Caudle,35110,485.95,29.89,1.99,Ontario,Computer Peripherals,0.5
2301,"Maxell 3.5"" DS/HD IBM-Formatted Diskettes, 10/Pack",James Lanier,35555,-70.31,4.89,4.93,Ontario,Computer Peripherals,0.66
2323,Microsoft Internet Keyboard,Mike Caudle,37828,-57.09,20.97,4,Ontario,Computer Peripherals,0.77
2325,"Imation 3.5 IBM Diskettes, 10/Box",Andy Reiter,37920,-380.20,8.46,8.99,Ontario,Computer Peripherals,0.79
2326,"Imation Printable White 80 Minute CD-R Spindle, 50/Pack",Erin Ashbrook,38052,118.40,40.98,1.99,Ontario,Computer Peripherals,0.44
2342,"Verbatim DVD-RAM, 5.2GB, Rewritable, Type 1, DS",Cynthia Arntzen,39365,269.60,29.89,1.99,Ontario,Computer Peripherals,0.5
2343,Logitech Internet Navigator Keyboard,Edward Becker,39430,-144.20,30.98,6.5,Ontario,Computer Peripherals,0.79
2359,"80 Minute CD-R Spindle, 100/Pack - Staples",Jonathan Howell,41312,140.22,39.48,1.99,Ontario,Computer Peripherals,0.54
2370,Micro Innovations Media Access Pro Keyboard,Ted Trevino,42246,234.03,77.51,4,Ontario,Computer Peripherals,0.76
2392,"Memorex 4.7GB DVD+RW, 3/Pack",Chris Selesnick,44386,518.81,28.48,1.99,Ontario,Computer Peripherals,0.4
2396,"Micro Innovations Micro 3000 Keyboard, Black",George Bell,44614,-123.01,26.31,5.89,Ontario,Computer Peripherals,0.75
2402,BASF Silver 74 Minute CD-R,Tamara Chand,44960,-23.69,1.7,1.99,Ontario,Computer Peripherals,0.51
2420,Hayes Optima 56K V.90 Internal Voice Modem,Eudokia Martin,46853,1489.80,256.99,11.25,Ontario,Computer Peripherals,0.51
2422,Adesso Programmable 142-Key Keyboard,Jesus Ocampo,46919,174.61,152.48,6.5,Ontario,Computer Peripherals,0.74
2428,"Imation 3.5"" DS/HD IBM Formatted Diskettes, 10/Pack",Darren Budd,48003,-106.54,5.98,4.38,Ontario,Computer Peripherals,0.75
2437,Logitech Cordless Elite Duo,Matt Collister,48642,-122.09,100.98,7.18,Ontario,Computer Peripherals,0.4
2439,Belkin MediaBoard 104- Keyboard,Brian Stugart,49094,-25.98,27.48,4,Ontario,Computer Peripherals,0.75
2448,Logitech Cordless Elite Duo,Nancy Lomonaco,50823,269.94,100.98,7.18,Ontario,Computer Peripherals,0.4
2460,U.S. Robotics 56K Internet Call Modem,Jeremy Ellison,52135,863.57,99.99,19.99,Ontario,Computer Peripherals,0.5
2467,Adesso Programmable 142-Key Keyboard,Magdelene Morse,52642,-281.67,152.48,4,Ontario,Computer Peripherals,0.79
2484,"Micro Innovations Micro Digital Wireless Keyboard and Mouse, Gray",Mike Caudle,54183,1097.25,82.99,5.5,Ontario,Computer Peripherals,0.44
2492,Keytronic 105-Key Spanish Keyboard,Matt Collister,54755,443.52,73.98,4,Ontario,Computer Peripherals,0.77
2500,"Imation 3.5"", DISKETTE 44766 HGHLD3.52HD/FM, 10/Pack",Erica Smith,55874,-111.72,4.98,4.62,Ontario,Computer Peripherals,0.64
2509,Imation DVD-RAM discs,Jim Mitchum,56710,232.99,35.41,1.99,Ontario,Computer Peripherals,0.43
2519,"Imation 3.5"", RTS 247544 3M 3.5 DSDD, 10/Pack",Darren Budd,57606,-64.24,8.46,3.62,Ontario,Computer Peripherals,0.61
2531,Hewlett-Packard 4.7GB DVD+R Discs,Andrew Roberts,59015,23.50,8.5,1.99,Ontario,Computer Peripherals,0.49
2551,"Memorex 80 Minute CD-R, 30/Pack",Todd Boyes,2752,226.73,22.98,1.99,Ontario,Computer Peripherals,0.46
2560,"Imation 3.5"" DS/HD IBM Formatted Diskettes, 50/Pack",Todd Boyes,6823,-135.46,15.98,8.99,Ontario,Computer Peripherals,0.64
2561,Keytronic French Keyboard,Phillip Breyer,6948,-88.70,73.98,4,Ontario,Computer Peripherals,0.79
2582,PC Concepts 116 Key Quantum 3000 Keyboard,Olvera Toch,11652,-36.00,32.98,5.5,Ontario,Computer Peripherals,0.75
2609,Microsoft Multimedia Keyboard,Sean Christensen,22208,18.59,30.97,4,Ontario,Computer Peripherals,0.74
2619,"Imation 3.5"", RTS 247544 3M 3.5 DSDD, 10/Pack",Michael Dominguez,26244,-42.61,8.46,3.62,Ontario,Computer Peripherals,0.61
2622,"IBM 80 Minute CD-R Spindle, 50/Pack",Michelle Ellison,27808,4.41,20.89,1.99,Ontario,Computer Peripherals,0.48
2644,Microsoft Natural Multimedia Keyboard,Michael Dominguez,35042,-12.51,50.98,6.5,Ontario,Computer Peripherals,0.73
2674,Gyration Ultra Cordless Optical Suite,Thomas Boland,42242,236.61,100.97,7.18,Ontario,Computer Peripherals,0.46
2676,"Memorex 'Cool' 80 Minute CD-R Spindle, 25/Pack",Patricia Hirasaki,42369,274.98,17.48,1.99,Ontario,Computer Peripherals,0.46
2682,"Memorex 4.7GB DVD+RW, 3/Pack",Sean Miller,46276,-52.62,28.48,1.99,Ontario,Computer Peripherals,0.4
2684,"Imation 3.5"" Diskettes, IBM Format, DS/HD, 10/Box, Neon",Patrick O'Donnell,46566,258.25,31.11,3.6,Ontario,Computer Peripherals,0.64
2693,Adesso Programmable 142-Key Keyboard,Patrick O'Donnell,52327,21.50,152.48,6.5,Ontario,Computer Peripherals,0.74
2721,"Sony MFD2HD Formatted Diskettes, 10/Pack",Raymond Fair,7367,-59.98,6.48,2.74,Newfoundland,Computer Peripherals,0.71
2723,Fellowes 17-key keypad for PS/2 interface,Karl Brown,8320,72.78,30.73,4,Newfoundland,Computer Peripherals,0.75
2737,Belkin MediaBoard 104- Keyboard,David Flashing,15781,0.90,27.48,4,Newfoundland,Computer Peripherals,0.75
2760,"Imation 3.5"" DS-HD Macintosh Formatted Diskettes, 10/Pack",Tom Prescott,36230,-31.38,7.28,3.52,Newfoundland,Computer Peripherals,0.68
2764,Logitech Access Keyboard,Cynthia Voltz,37831,76.59,15.98,4,Newfoundland,Computer Peripherals,0.37
2788,Logitech Cordless Elite Duo,Janet Martin,55940,1041.29,100.98,7.18,Newfoundland,Computer Peripherals,0.4
2805,U.S. Robotics 56K Internet Call Modem,David Wiener,22561,-245.09,99.99,19.99,Nova Scotia,Computer Peripherals,0.5
2812,"TDK 4.7GB DVD-R Spindle, 15/Pack",Jay Fine,2722,807.62,40.97,1.99,Nova Scotia,Computer Peripherals,0.42
2821,Imation DVD-RAM discs,Michael Stewart,4896,259.47,35.41,1.99,Nova Scotia,Computer Peripherals,0.43
2825,Belkin 105-Key Black Keyboard,Barry Weirich,6116,-72.23,19.98,4,Nova Scotia,Computer Peripherals,0.68
2829,Micro Innovations 104 Keyboard,Karen Carlisle,7458,-165.74,10.97,6.5,Nova Scotia,Computer Peripherals,0.64
2832,Fuji Slim Jewel Case CD-R,Hunter Lopez,9602,-24.87,2.12,1.99,Nova Scotia,Computer Peripherals,0.55
2857,"Imation Neon 80 Minute CD-R Spindle, 50/Pack",Fred McMath,19174,665.63,33.98,1.99,Nova Scotia,Computer Peripherals,0.45
2864,Fuji Slim Jewel Case CD-R,Eric Barreto,21574,-37.20,2.12,1.99,Nova Scotia,Computer Peripherals,0.55
2879,Nu-Form 106-Key Ergonomic Keyboard w/ Touchpad,Noel Staavos,26912,55.87,53.98,5.5,Nova Scotia,Computer Peripherals,0.62
2888,Zoom V.92 V.44 PCI Internal Controllerless FaxModem,Dave Poirier,32389,-7.50,39.99,10.25,Nova Scotia,Computer Peripherals,0.55
2889,"Imation 3.5, DISKETTE 44766 HGHLD3.52HD/FM, 10/Pack",Christy Brittain,32420,-168.72,5.02,5.14,Nova Scotia,Computer Peripherals,0.79
2904,Zoom V.92 USB External Faxmodem,Ann Blume,38087,-76.89,49.99,19.99,Nova Scotia,Computer Peripherals,0.41
2917,"Memorex Slim 80 Minute CD-R, 10/Pack",Alex Grayson,42528,81.87,9.78,1.99,Nova Scotia,Computer Peripherals,0.43
2932,"Memorex Slim 80 Minute CD-R, 10/Pack",Robert Barroso,49472,12.09,9.78,1.99,Nova Scotia,Computer Peripherals,0.43
2945,"Imation 3.5"" DS/HD IBM Formatted Diskettes, 10/Pack",Joni Wasserman,55616,-102.25,5.98,4.38,Nova Scotia,Computer Peripherals,0.75
2965,Belkin 105-Key Black Keyboard,Alex Grayson,3397,-20.25,19.98,4,Nova Scotia,Computer Peripherals,0.68
2986,"Belkin 107-key enhanced keyboard, USB/PS/2 interface",Chuck Sachs,11585,-99.55,17.98,4,Nova Scotia,Computer Peripherals,0.79
3001,"80 Minute Slim Jewel Case CD-R , 10/Pack - Staples",Tracy Poddar,18534,21.68,8.33,1.99,Nova Scotia,Computer Peripherals,0.52
3013,BASF Silver 74 Minute CD-R,Bradley Talbott,22880,-20.68,1.7,1.99,Nova Scotia,Computer Peripherals,0.51
3022,"Imation 3.5 IBM Formatted Diskettes, 10/Box",Frank Atkinson,28515,-71.59,8.32,2.38,Nova Scotia,Computer Peripherals,0.74
3023,Maxell 4.7GB DVD-R,Bill Shonely,29280,248.91,28.38,1.99,Nova Scotia,Computer Peripherals,0.51
3062,Nu-Form 106-Key Ergonomic Keyboard w/ Touchpad,Michael Oakman,45381,204.70,53.98,5.5,Nova Scotia,Computer Peripherals,0.62
3084,"Imation Primaris 3.5"" 2HD Unformatted Diskettes, 10/Pack",David Smith,59075,-25.31,4.77,2.39,Nova Scotia,Computer Peripherals,0.72
3085,"Memorex 4.7GB DVD-RAM, 3/Pack",Deborah Brumfield,59270,749.03,31.78,1.99,Nova Scotia,Computer Peripherals,0.42
3090,Logitech Access Keyboard,Sanjit Jacobs,898,45.39,15.98,6.5,Quebec,Computer Peripherals,0.48
3095,Keytronic 105-Key Spanish Keyboard,Vivian Mathis,2211,-2.38,73.98,12.14,Quebec,Computer Peripherals,0.67
3102,Motorola SB4200 Cable Modem,Bradley Nguyen,3138,-427.47,179.99,19.99,Quebec,Computer Peripherals,0.48
3103,"IBM 3.5"" DS/HD IBM Formatted Diskettes, 50/Pack",Matt Collister,3141,-26.72,18.89,3.17,Quebec,Computer Peripherals,0.69
3106,Microsoft Natural Keyboard Elite,Pete Takahito,5155,-38.51,39.98,4,Quebec,Computer Peripherals,0.7
3114,"Micro Innovations Micro 3000 Keyboard, Black",Dave Hallsten,7846,-64.82,26.31,5.89,Quebec,Computer Peripherals,0.75
3138,"Verbatim DVD-R, 3.95GB, SR, Mitsubishi Branded, Jewel",Dave Hallsten,12837,433.59,22.24,1.99,Quebec,Computer Peripherals,0.43
3141,"IBM Active Response Keyboard, Black",Bradley Nguyen,13634,104.51,39.98,7.12,Quebec,Computer Peripherals,0.67
3146,Verbatim 4.7GB DVD-R,Helen Wasserman,14210,213.20,33.29,1.99,Quebec,Computer Peripherals,0.41
3153,"Fellowes Basic 104-Key Keyboard, Platinum",Ralph Arnett,18400,34.16,20.95,4,Quebec,Computer Peripherals,0.6
3155,"80 Minute Slim Jewel Case CD-R , 10/Pack - Staples",Bart Pistole,19111,10.79,8.33,1.99,Quebec,Computer Peripherals,0.52
3183,"Imation 3.5"", RTS 247544 3M 3.5 DSDD, 10/Pack",Sanjit Jacobs,31907,-35.97,8.46,3.62,Quebec,Computer Peripherals,0.61
3199,"80 Minute Slim Jewel Case CD-R , 10/Pack - Staples",Barry Gonzalez,37760,10.74,8.33,1.99,Quebec,Computer Peripherals,0.52
3232,Belkin 105-Key Black Keyboard,Tom Stivers,46115,-37.99,19.98,4,Quebec,Computer Peripherals,0.68
3235,Logitech Access Keyboard,Vivek Sundaresam,47556,108.21,15.98,4,Quebec,Computer Peripherals,0.37
3249,US Robotics 56K V.92 External Faxmodem,Carol Adams,54370,1041.28,99.99,19.99,Quebec,Computer Peripherals,0.52
3293,Micro Innovations Media Access Pro Keyboard,Elizabeth Moffitt,31650,-0.31,77.51,4,Quebec,Computer Peripherals,0.76
3295,Micro Innovations 104 Keyboard,Brad Thomas,35201,-75.81,10.97,6.5,Quebec,Computer Peripherals,0.64
3338,"Verbatim DVD-RAM, 9.4GB, Rewritable, Type 1, DS, DataLife Plus",Debra Catini,7297,-71.83,45.19,1.99,Quebec,Computer Peripherals,0.55
3343,Microsoft Office Keyboard,Katherine Murray,9024,-9.30,40.98,6.5,Quebec,Computer Peripherals,0.64
3349,"Imation 3.5 IBM Formatted Diskettes, 10/Box",Valerie Mitchum,11650,-45.89,8.32,2.38,Quebec,Computer Peripherals,0.74
3351,Micro Innovations 104 Keyboard,Alex Grayson,11779,-172.34,10.97,6.5,Quebec,Computer Peripherals,0.64
3358,"Imation 3.5, DISKETTE 44766 HGHLD3.52HD/FM, 10/Pack",Pierre Wener,13572,-43.71,5.02,5.14,Quebec,Computer Peripherals,0.79
3381,"IBM 80 Minute CD-R Spindle, 50/Pack",Bobby Trafton,21344,134.25,20.89,1.99,Quebec,Computer Peripherals,0.48
3383,"Memorex 'Cool' 80 Minute CD-R Spindle, 25/Pack",Troy Staebel,21606,138.33,17.48,1.99,Quebec,Computer Peripherals,0.46
3385,"IBM Numeric Access II Keypad, 17-Key, Black",Bill Tyler,22338,-213.18,35.77,9.02,Quebec,Computer Peripherals,0.75
3388,Gyration RF Keyboard,Alan Shonely,23522,666.01,159.99,5.5,Quebec,Computer Peripherals,0.49
3404,Belkin MediaBoard 104- Keyboard,Chuck Sachs,28161,-33.32,27.48,4,Quebec,Computer Peripherals,0.75
3420,US Robotics 56K V.92 External Faxmodem,Michael Paige,32965,227.67,99.99,19.99,Quebec,Computer Peripherals,0.52
3442,Logitech Cordless Access Keyboard,Bart Folk,37893,25.69,29.99,5.5,Quebec,Computer Peripherals,0.51
3445,Adesso Programmable 142-Key Keyboard,Ben Peterman,38912,608.90,152.48,4,Quebec,Computer Peripherals,0.79
3482,Gyration Ultra Professional Cordless Optical Suite,Paul Knutson,55425,-114.68,300.97,7.18,Quebec,Computer Peripherals,0.48
3497,"Imation 3.5"", DISKETTE 44766 HGHLD3.52HD/FM, 10/Pack",Anne Pryor,135,-89.25,4.98,4.62,Quebec,Computer Peripherals,0.64
3521,"Imation 3.5 IBM Formatted Diskettes, 10/Box",Deirdre Greer,3778,-63.76,8.32,2.38,Quebec,Computer Peripherals,0.74
3522,"Verbatim DVD-RAM, 9.4GB, Rewritable, Type 1, DS, DataLife Plus",Deirdre Greer,3778,8.95,45.19,1.99,Quebec,Computer Peripherals,0.55
3548,US Robotics 56K V.92 Internal PCI Faxmodem,Sheri Gordon,7623,21.50,49.99,19.99,Quebec,Computer Peripherals,0.45
3553,Belkin MediaBoard 104- Keyboard,Mathew Reese,8162,-82.26,27.48,4,Quebec,Computer Peripherals,0.75
3554,Motorola SB4200 Cable Modem,Mathew Reese,8162,1314.12,179.99,19.99,Quebec,Computer Peripherals,0.48
3566,Logitech Access Keyboard,Pamela Stobb,13252,154.65,15.98,4,Quebec,Computer Peripherals,0.37
3586,US Robotics 56K V.92 External Faxmodem,Katherine Nockton,17414,448.07,99.99,19.99,Quebec,Computer Peripherals,0.52
3611,"Imation 3.5"" IBM-Formatted Diskettes, 10/Pack",Dennis Kane,20710,-94.61,5.98,3.85,Quebec,Computer Peripherals,0.68
3615,"80 Minute CD-R Spindle, 100/Pack - Staples",Justin MacKendrick,21057,253.61,39.48,1.99,Quebec,Computer Peripherals,0.54
3620,BASF Silver 74 Minute CD-R,Sarah Brown,22498,-30.70,1.7,1.99,Quebec,Computer Peripherals,0.51
3628,Logitech Internet Navigator Keyboard,Max Engle,24099,-135.51,30.98,6.5,Quebec,Computer Peripherals,0.79
3671,Microsoft Natural Keyboard Elite,Caroline Jumper,31040,-22.63,39.98,4,Quebec,Computer Peripherals,0.7
3685,Keytronic French Keyboard,Dennis Kane,33217,-229.87,73.98,4,Quebec,Computer Peripherals,0.79
3713,"Fellowes Internet Keyboard, Platinum",Dorris Love,36358,-159.25,30.42,8.65,Quebec,Computer Peripherals,0.74
3722,Gyration Ultra Cordless Optical Suite,Mathew Reese,37734,84.15,100.97,7.18,Quebec,Computer Peripherals,0.46
3730,"Micro Innovations Micro Digital Wireless Keyboard and Mouse, Gray",Dennis Kane,38371,544.30,83.1,6.13,Quebec,Computer Peripherals,0.45
3736,"Imation Primaris 3.5"" 2HD Unformatted Diskettes, 10/Pack",Mitch Webber,39335,-45.64,4.77,2.39,Quebec,Computer Peripherals,0.72
3746,Gyration Ultra Professional Cordless Optical Suite,Justin MacKendrick,40870,4833.27,300.97,7.18,Quebec,Computer Peripherals,0.48
3755,Adesso Programmable 142-Key Keyboard,Nora Price,42758,-333.69,152.48,4,Quebec,Computer Peripherals,0.79
3764,Microsoft Natural Multimedia Keyboard,Laurel Elliston,43745,27.51,50.98,6.5,Quebec,Computer Peripherals,0.73
3810,"Imation Printable White 80 Minute CD-R Spindle, 50/Pack",Justin MacKendrick,52039,840.46,40.98,1.99,Quebec,Computer Peripherals,0.44
3814,Gyration Ultra Professional Cordless Optical Suite,Dorris Love,52486,4160.88,300.97,7.18,Quebec,Computer Peripherals,0.48
3820,Belkin MediaBoard 104- Keyboard,Brenda Bowman,53411,-57.53,27.48,4,Quebec,Computer Peripherals,0.75
3831,TDK 4.7GB DVD+RW,Stewart Visinsky,55077,-44.39,14.48,1.99,Quebec,Computer Peripherals,0.49
3877,Adesso Programmable 142-Key Keyboard,Harold Ryan,1507,126.62,152.48,4,Ontario,Computer Peripherals,0.79
3883,Microsoft Internet Keyboard,Harold Ryan,2560,-84.07,20.97,6.5,Ontario,Computer Peripherals,0.78
3904,"Maxell Pro 80 Minute CD-R, 10/Pack",Sally Hughsby,7619,-24.48,17.48,1.99,Ontario,Computer Peripherals,0.45
3922,"Imation 3.5"" IBM-Formatted Diskettes, 10/Pack",Janet Molinari,11173,-95.17,5.98,3.85,Ontario,Computer Peripherals,0.68
3926,"Fellowes Internet Keyboard, Platinum",Tracy Poddar,11874,-82.13,30.42,8.65,Ontario,Computer Peripherals,0.74
3933,Logitech Internet Navigator Keyboard,Xylona Price,13121,-27.99,30.98,6.5,Ontario,Computer Peripherals,0.79
3938,TDK 4.7GB DVD+RW,Steve Nguyen,13638,165.20,14.48,1.99,Ontario,Computer Peripherals,0.49
3954,Keytronic French Keyboard,Matt Connell,17249,225.28,73.98,14.52,Ontario,Computer Peripherals,0.65
3959,"IBM 80 Minute CD-R Spindle, 50/Pack",Denny Blanton,18241,-55.11,20.89,1.99,Ontario,Computer Peripherals,0.48
3969,Fellowes EZ Multi-Media Keyboard,Sandra Flanagan,20390,-62.82,34.98,7.53,Ontario,Computer Peripherals,0.76
3983,US Robotics 56K V.92 External Faxmodem,Vivek Grady,21796,1033.38,99.99,19.99,Ontario,Computer Peripherals,0.52
3994,"Imation Neon Mac Format Diskettes, 10/Pack",Stuart Calhoun,23205,-59.73,8.12,2.83,Ontario,Computer Peripherals,0.77
3997,Microsoft Natural Multimedia Keyboard,Katherine Nockton,24390,-234.66,50.98,6.5,Ontario,Computer Peripherals,0.73
3999,"Imation Primaris 3.5"" 2HD Unformatted Diskettes, 10/Pack",Janet Molinari,24679,-25.86,4.77,2.39,Ontario,Computer Peripherals,0.72
4011,Keytronic French Keyboard,Stephanie Ulpright,27300,-85.03,73.98,4,Ontario,Computer Peripherals,0.79
4021,US Robotics 56K V.92 External Faxmodem,Denny Blanton,28258,293.66,99.99,19.99,Ontario,Computer Peripherals,0.52
4025,"Imation 3.5 IBM Formatted Diskettes, 10/Box",Jas O'Carroll,29383,-46.89,8.32,2.38,Ontario,Computer Peripherals,0.74
4051,Logitech Internet Navigator Keyboard,Jim Kriz,32002,-73.77,30.98,6.5,Ontario,Computer Peripherals,0.79
4053,"Imation 3.5"", RTS 247544 3M 3.5 DSDD, 10/Pack",Lena Radford,32323,-31.43,8.46,3.62,Ontario,Computer Peripherals,0.61
4066,"Maxell Pro 80 Minute CD-R, 10/Pack",Karen Daniels,34530,168.04,17.48,1.99,Ontario,Computer Peripherals,0.45
4068,Maxell 4.7GB DVD-R,John Lucas,34562,57.82,28.38,1.99,Ontario,Computer Peripherals,0.51
4074,Gyration Ultra Cordless Optical Suite,Steve Nguyen,35712,1174.02,100.97,7.18,Ontario,Computer Peripherals,0.46
4076,"Belkin 107-key enhanced keyboard, USB/PS/2 interface",Lindsay Shagiari,36130,-113.80,17.98,4,Ontario,Computer Peripherals,0.79
4081,"Fellowes Basic 104-Key Keyboard, Platinum",Katherine Nockton,36517,-63.78,20.95,4,Ontario,Computer Peripherals,0.6
4104,Microsoft Multimedia Keyboard,Vivek Grady,38564,-53.40,30.97,4,Ontario,Computer Peripherals,0.74
4110,Hayes Optima 56K V.90 Internal Voice Modem,Matt Connell,39078,-267.63,256.99,11.25,Ontario,Computer Peripherals,0.51
4128,Gyration Ultra Professional Cordless Optical Suite,Steve Nguyen,41253,-807.59,300.97,7.18,Ontario,Computer Peripherals,0.48
4130,"Verbatim DVD-RAM, 5.2GB, Rewritable, Type 1, DS",Harold Ryan,41378,433.34,29.89,1.99,Ontario,Computer Peripherals,0.5
4132,"Imation Primaris 3.5"" 2HD Unformatted Diskettes, 10/Pack",Matt Connell,41474,-89.13,4.77,2.39,Ontario,Computer Peripherals,0.72
4140,Logitech Internet Navigator Keyboard,Harold Ryan,42279,-55.78,30.98,6.5,Ontario,Computer Peripherals,0.79
4148,"Fellowes Internet Keyboard, Platinum",Tony Chapman,45059,-116.18,30.42,8.65,Ontario,Computer Peripherals,0.74
4162,"80 Minute CD-R Spindle, 100/Pack - Staples",Vivek Grady,46468,504.71,39.48,1.99,Ontario,Computer Peripherals,0.54
4168,"Fellowes Internet Keyboard, Platinum",Bill Overfelt,47492,-157.51,30.42,8.65,Ontario,Computer Peripherals,0.74
4175,"Memorex Slim 80 Minute CD-R, 10/Pack",Harold Ryan,49505,85.83,9.78,1.99,Ontario,Computer Peripherals,0.43
4182,"Maxell Pro 80 Minute CD-R, 10/Pack",Bill Overfelt,50307,161.37,17.48,1.99,Ontario,Computer Peripherals,0.45
4185,"Memorex 80 Minute CD-R Spindle, 100/Pack",Sally Hughsby,50917,498.15,43.98,1.99,Ontario,Computer Peripherals,0.44
4188,"Verbatim DVD-RAM, 9.4GB, Rewritable, Type 1, DS, DataLife Plus",Sean O'Donnell,51140,24.56,45.19,1.99,Ontario,Computer Peripherals,0.55
4204,Logitech Cordless Access Keyboard,Vivek Grady,52805,60.70,29.99,5.5,Ontario,Computer Peripherals,0.51
4224,"80 Minute Slim Jewel Case CD-R , 10/Pack - Staples",Ryan Akin,54369,82.31,8.33,1.99,Ontario,Computer Peripherals,0.52
4229,Imation DVD-RAM discs,Katherine Nockton,55172,-120.97,35.41,1.99,Ontario,Computer Peripherals,0.43
4250,Logitech Cordless Elite Duo,John Castell,57409,-259.63,100.98,7.18,Ontario,Computer Peripherals,0.4
4259,"Belkin 107-key enhanced keyboard, USB/PS/2 interface",Karen Daniels,59554,-81.49,17.98,4,Ontario,Computer Peripherals,0.79
4275,"80 Minute Slim Jewel Case CD-R , 10/Pack - Staples",Odella Nelson,4610,-17.01,8.33,1.99,Ontario,Computer Peripherals,0.52
4280,"Maxell 3.5"" DS/HD IBM-Formatted Diskettes, 10/Pack",Filia McAdams,5986,-148.77,4.89,4.93,Ontario,Computer Peripherals,0.66
4288,Keytronic Designer 104- Key Black Keyboard,Art Foster,7429,-470.85,40.48,19.99,Ontario,Computer Peripherals,0.77
4293,Microsoft Natural Keyboard Elite,Jessica Myrick,8961,-12.02,39.98,4,Ontario,Computer Peripherals,0.7
4312,Microsoft Internet Keyboard,Harry Marie,14499,-148.87,20.97,6.5,Ontario,Computer Peripherals,0.78
4313,Logitech Cordless Navigator Duo,Erica Hackney,15079,1276.25,80.98,7.18,Ontario,Computer Peripherals,0.48
4317,"DS/HD IBM Formatted Diskettes, 10/Pack - Staples",Troy Blackwell,15397,-111.89,4.98,4.32,Ontario,Computer Peripherals,0.64
4318,Targus USB Numeric Keypad,Troy Blackwell,15397,-53.81,40.98,6.5,Ontario,Computer Peripherals,0.74
4345,Belkin MediaBoard 104- Keyboard,Jessica Myrick,21795,-77.36,27.48,4,Ontario,Computer Peripherals,0.75
4359,"IBM 80 Minute CD-R Spindle, 50/Pack",Fred Wasserman,24455,-10.59,20.89,1.99,Ontario,Computer Peripherals,0.48
4388,"Imation 3.5, DISKETTE 44766 HGHLD3.52HD/FM, 10/Pack",Rob Haberlin,33988,-128.47,5.02,5.14,Ontario,Computer Peripherals,0.79
4421,US Robotics 56K V.92 External Faxmodem,Lena Creighton,42274,241.15,99.99,19.99,Ontario,Computer Peripherals,0.52
4435,"Memorex 80 Minute CD-R Spindle, 100/Pack",Denny Joy,45635,731.72,43.98,1.99,Ontario,Computer Peripherals,0.44
4438,US Robotics 56K V.92 Internal PCI Faxmodem,Clytie Kelty,47009,-22.33,49.99,19.99,Ontario,Computer Peripherals,0.45
4472,"Micro Innovations Micro Digital Wireless Keyboard and Mouse, Gray",Ken Brennan,56967,311.58,83.1,6.13,Ontario,Computer Peripherals,0.45
4474,"Imation Printable White 80 Minute CD-R Spindle, 50/Pack",Pete Takahito,57699,752.96,40.98,1.99,Ontario,Computer Peripherals,0.44
4487,Zoom V.92 USB External Faxmodem,Eric Barreto,11206,-17.03,49.99,19.99,Ontario,Computer Peripherals,0.41
4488,Motorola SB4200 Cable Modem,Karl Brown,13351,484.15,179.99,19.99,Ontario,Computer Peripherals,0.48
4489,Fellowes 17-key keypad for PS/2 interface,Noel Staavos,13476,10.96,30.73,4,Ontario,Computer Peripherals,0.75
4492,Logitech Cordless Navigator Duo,Karl Brown,23169,346.54,80.98,7.18,Ontario,Computer Peripherals,0.48
4498,Gyration Ultra Professional Cordless Optical Suite,Dianna Wilson,49989,-559.78,300.97,7.18,Ontario,Computer Peripherals,0.48
4511,Logitech Cordless Elite Duo,Raymond Fair,13056,1413.52,100.98,7.18,Ontario,Computer Peripherals,0.4
4512,Fellowes 17-key keypad for PS/2 interface,Alejandro Savely,13125,56.39,30.73,4,Ontario,Computer Peripherals,0.75
4516,PC Concepts 116 Key Quantum 3000 Keyboard,Troy Staebel,21606,-90.30,32.98,5.5,Ontario,Computer Peripherals,0.75
4517,"Imation 3.5"" DS/HD IBM Formatted Diskettes, 10/Pack",Craig Yedwab,22820,-116.21,5.98,4.38,Ontario,Computer Peripherals,0.75
4528,"Imation Neon 80 Minute CD-R Spindle, 50/Pack",Giulietta Dortch,28999,420.05,33.98,1.99,Ontario,Computer Peripherals,0.45
4529,"Imation 3.5 IBM Formatted Diskettes, 10/Box",Dave Poirier,29666,-54.47,8.32,2.38,Ontario,Computer Peripherals,0.74
4532,"Imation Neon 80 Minute CD-R Spindle, 50/Pack",Eleni McCrary,31239,196.36,33.98,1.99,Ontario,Computer Peripherals,0.45
4540,Belkin 105-Key Black Keyboard,Pierre Wener,38723,-68.93,19.98,4,Ontario,Computer Peripherals,0.68
4547,"Imation Neon 80 Minute CD-R Spindle, 50/Pack",Raymond Fair,44448,331.27,33.98,1.99,Ontario,Computer Peripherals,0.45
4564,"Imation Neon Mac Format Diskettes, 10/Pack",Julie Prescott,6498,-40.76,8.12,2.83,Ontario,Computer Peripherals,0.77
4573,"Imation 3.5"" DS-HD Macintosh Formatted Diskettes, 10/Pack",Jason Fortune,27205,-43.65,7.28,3.52,Ontario,Computer Peripherals,0.68
4579,Micro Innovations 104 Keyboard,Jim Karlsson,32871,-57.65,10.97,6.5,Ontario,Computer Peripherals,0.64
4584,"Verbatim DVD-R, 4.7GB, Spindle, WE, Blank, Ink Jet/Thermal, 20/Spindle",Grant Carroll,38498,1070.18,115.79,1.99,Ontario,Computer Peripherals,0.49
4586,Keytronic Designer 104- Key Black Keyboard,Jason Fortune,39492,-564.06,40.48,19.99,Ontario,Computer Peripherals,0.77
4591,Logitech Cordless Access Keyboard,Julie Prescott,42850,141.28,29.99,5.5,Ontario,Computer Peripherals,0.51
4604,"Imation 3.5"", RTS 247544 3M 3.5 DSDD, 10/Pack",Grant Carroll,57447,-60.40,8.46,3.62,Ontario,Computer Peripherals,0.61
4605,Logitech Internet Navigator Keyboard,Grant Carroll,57447,-113.60,30.98,6.5,Ontario,Computer Peripherals,0.79
4609,Adesso Programmable 142-Key Keyboard,Patrick Jones,3493,1027.63,152.48,6.5,New Brunswick,Computer Peripherals,0.74
4611,Keytronic French Keyboard,Patrick Jones,3588,-123.81,73.98,4,New Brunswick,Computer Peripherals,0.79
4642,"Memorex 4.7GB DVD-RAM, 3/Pack",Lori Olson,14980,325.88,31.78,1.99,New Brunswick,Computer Peripherals,0.42
4649,Maxell DVD-RAM Discs,John Lee,18945,168.54,16.48,1.99,New Brunswick,Computer Peripherals,0.42
4652,"Micro Innovations Micro 3000 Keyboard, Black",John Lee,20036,-25.23,26.31,5.89,New Brunswick,Computer Peripherals,0.75
4659,Micro Innovations Media Access Pro Keyboard,Patrick Jones,21925,-339.95,77.51,4,New Brunswick,Computer Peripherals,0.76
4670,Microsoft Natural Multimedia Keyboard,Ionia McGrath,24614,-52.92,50.98,6.5,New Brunswick,Computer Peripherals,0.73
4696,Keytronic 105-Key Spanish Keyboard,Patrick Gardner,41825,286.01,73.98,4,New Brunswick,Computer Peripherals,0.77
4712,Motorola SB4200 Cable Modem,Nathan Mautz,53891,812.38,179.99,19.99,New Brunswick,Computer Peripherals,0.48
4725,Gyration Ultra Cordless Optical Suite,Patrick Jones,57537,888.62,100.97,7.18,New Brunswick,Computer Peripherals,0.46
4737,"Memorex 4.7GB DVD+RW, 3/Pack",Joe Elijah,4070,237.75,28.48,1.99,Manitoba,Computer Peripherals,0.4
4738,PC Concepts 116 Key Quantum 3000 Keyboard,Lindsay Williams,4774,-125.99,32.98,5.5,Manitoba,Computer Peripherals,0.75
4754,Gyration Ultra Professional Cordless Optical Suite,Deborah Brumfield,14342,3857.43,300.97,7.18,Manitoba,Computer Peripherals,0.48
4774,"Memorex 4.7GB DVD+RW, 3/Pack",Denise Monton,22851,218.89,28.48,1.99,Manitoba,Computer Peripherals,0.4
4783,Microsoft Internet Keyboard,Denise Monton,29156,-76.58,20.97,4,Manitoba,Computer Peripherals,0.77
4791,"Imation Neon Mac Format Diskettes, 10/Pack",Marc Crier,30917,-45.60,8.12,2.83,Manitoba,Computer Peripherals,0.77
4805,"Imation 3.5 IBM Formatted Diskettes, 10/Box",Steve Chapman,37252,-31.20,8.32,2.38,Manitoba,Computer Peripherals,0.74
4806,US Robotics 56K V.92 Internal PCI Faxmodem,Steve Chapman,37252,-37.19,49.99,19.99,Manitoba,Computer Peripherals,0.45
4809,"Micro Innovations Micro Digital Wireless Keyboard and Mouse, Gray",Steve Chapman,38979,1021.07,82.99,5.5,Manitoba,Computer Peripherals,0.44
4812,US Robotics 56K V.92 Internal PCI Faxmodem,John Lee,40101,33.77,49.99,19.99,Manitoba,Computer Peripherals,0.45
4822,Microsoft Natural Multimedia Keyboard,Marc Crier,46055,-5.60,50.98,6.5,Manitoba,Computer Peripherals,0.73
4826,"Verbatim DVD-RAM, 9.4GB, Rewritable, Type 1, DS, DataLife Plus",Marc Crier,47494,659.60,45.19,1.99,Manitoba,Computer Peripherals,0.55
4845,"IBM Active Response Keyboard, Black",Stefanie Holloman,55937,-146.20,39.98,7.12,Manitoba,Computer Peripherals,0.67
4847,Zoom V.92 V.44 PCI Internal Controllerless FaxModem,Ed Braxton,56161,118.97,39.99,10.25,Manitoba,Computer Peripherals,0.55
4871,Microsoft Internet Keyboard,Thais Sissman,2688,-98.46,20.97,6.5,Manitoba,Computer Peripherals,0.78
4901,"Imation 3.5"" IBM-Formatted Diskettes, 10/Pack",Theresa Swint,5696,-93.41,5.98,3.85,Manitoba,Computer Peripherals,0.68
4923,Targus USB Numeric Keypad,Emily Ducich,8646,-127.11,40.98,6.5,Manitoba,Computer Peripherals,0.74
4928,"Verbatim DVD-R, 3.95GB, SR, Mitsubishi Branded, Jewel",Linda Southworth,8998,49.82,22.24,1.99,Manitoba,Computer Peripherals,0.43
4930,Adesso Programmable 142-Key Keyboard,Henry Goldwyn,9124,-0.84,152.48,6.5,Manitoba,Computer Peripherals,0.74
4935,"Maxell Pro 80 Minute CD-R, 10/Pack",Irene Maddox,9826,-7.30,17.48,1.99,Manitoba,Computer Peripherals,0.45
4956,Belkin 105-Key Black Keyboard,Thais Sissman,12867,-57.95,19.98,4,Manitoba,Computer Peripherals,0.68
4958,Hewlett-Packard 4.7GB DVD+R Discs,Theresa Swint,13540,34.79,8.5,1.99,Manitoba,Computer Peripherals,0.49
4964,Zoom V.92 V.44 PCI Internal Controllerless FaxModem,Steven Ward,14336,-114.39,39.99,10.25,Manitoba,Computer Peripherals,0.55
4970,Logitech Access Keyboard,Valerie Dominguez,14534,226.09,15.98,4,Manitoba,Computer Peripherals,0.37
4973,"Imation 3.5, DISKETTE 44766 HGHLD3.52HD/FM, 10/Pack",Natalie Webber,15075,-56.30,5.02,5.14,Manitoba,Computer Peripherals,0.79
4978,"Memorex 4.7GB DVD-RAM, 3/Pack",Thea Hudgings,15335,240.06,31.78,1.99,Manitoba,Computer Peripherals,0.42
